-0.983269 , 0 , 0 , 0 , -0.0174997 , 0 , 1 , 0 , 0 , 
-0.983231 , -0.00874974 , 0 , 0.000153517 , -0.017499 , 0 , 0.999963 , 0.00499994 , 0 , 
-0.983116 , -0.0174988 , 0 , 0.000307022 , -0.0174969 , 0 , 0.999852 , 0.0099995 , 0 , 
-0.982924 , -0.0262465 , 0 , 0.000460501 , -0.0174935 , 0 , 0.999667 , 0.0149983 , 0 , 
-0.982655 , -0.0349921 , 0 , 0.000613942 , -0.0174887 , 0 , 0.999408 , 0.019996 , 0 , 
-0.98231 , -0.043735 , 0 , 0.000767332 , -0.0174826 , 0 , 0.999075 , 0.0249923 , 0 , 
-0.981888 , -0.0524744 , 0 , 0.000920658 , -0.017475 , 0 , 0.998668 , 0.0299866 , 0 , 
-0.98139 , -0.0612098 , 0 , 0.00107391 , -0.0174662 , 0 , 0.998187 , 0.0349788 , 0 , 
-0.980814 , -0.0699404 , 0 , 0.00122707 , -0.0174559 , 0 , 0.997631 , 0.0399684 , 0 , 
-0.980163 , -0.0786655 , 0 , 0.00138013 , -0.0174443 , 0 , 0.997002 , 0.0449549 , 0 , 
-0.979434 , -0.0873845 , 0 , 0.00153308 , -0.0174313 , 0 , 0.996298 , 0.0499382 , 0 , 
-0.97863 , -0.0960966 , 0 , 0.00168589 , -0.017417 , 0 , 0.99552 , 0.0549177 , 0 , 
-0.977748 , -0.104801 , 0 , 0.00183857 , -0.0174013 , 0 , 0.994668 , 0.0598931 , 0 , 
-0.976791 , -0.113498 , 0 , 0.0019911 , -0.0173843 , 0 , 0.993741 , 0.064864 , 0 , 
-0.975757 , -0.122185 , 0 , 0.00214346 , -0.0173659 , 0 , 0.99274 , 0.0698301 , 0 , 
-0.974648 , -0.130863 , 0 , 0.00229565 , -0.0173461 , 0 , 0.991664 , 0.0747909 , 0 , 
-0.973462 , -0.139531 , 0 , 0.00244765 , -0.017325 , 0 , 0.990513 , 0.0797461 , 0 , 
-0.9722 , -0.148188 , 0 , 0.00259944 , -0.0173026 , 0 , 0.989288 , 0.0846953 , 0 , 
-0.970863 , -0.156834 , 0 , 0.00275102 , -0.0172788 , 0 , 0.987989 , 0.0896381 , 0 , 
-0.969449 , -0.165467 , 0 , 0.00290237 , -0.0172536 , 0 , 0.986614 , 0.0945741 , 0 , 
-0.96796 , -0.174087 , 0 , 0.00305348 , -0.0172271 , 0 , 0.985164 , 0.099503 , 0 , 
-0.966396 , -0.182694 , 0 , 0.00320434 , -0.0171993 , 0 , 0.983639 , 0.104424 , 0 , 
-0.964756 , -0.191286 , 0 , 0.00335494 , -0.0171702 , 0 , 0.982039 , 0.109337 , 0 , 
-0.963041 , -0.199864 , 0 , 0.00350526 , -0.0171397 , 0 , 0.980363 , 0.114242 , 0 , 
-0.961251 , -0.208426 , 0 , 0.00365529 , -0.0171078 , 0 , 0.978612 , 0.119138 , 0 , 
-0.959386 , -0.216971 , 0 , 0.00380502 , -0.0170747 , 0 , 0.976786 , 0.124025 , 0 , 
-0.957446 , -0.2255 , 0 , 0.00395443 , -0.0170402 , 0 , 0.974884 , 0.128902 , 0 , 
-0.955431 , -0.234011 , 0 , 0.00410352 , -0.0170044 , 0 , 0.972905 , 0.13377 , 0 , 
-0.953342 , -0.242504 , 0 , 0.00425227 , -0.0169673 , 0 , 0.970851 , 0.138626 , 0 , 
-0.951179 , -0.250978 , 0 , 0.00440067 , -0.0169288 , 0 , 0.968721 , 0.143472 , 0 , 
-0.948942 , -0.259433 , 0 , 0.00454871 , -0.0168891 , 0 , 0.966514 , 0.148307 , 0 , 
-0.946631 , -0.267867 , 0 , 0.00469637 , -0.016848 , 0 , 0.96423 , 0.15313 , 0 , 
-0.944246 , -0.276281 , 0 , 0.00484365 , -0.0168056 , 0 , 0.96187 , 0.157941 , 0 , 
-0.941787 , -0.284673 , 0 , 0.00499053 , -0.016762 , 0 , 0.959433 , 0.162739 , 0 , 
-0.939255 , -0.293042 , 0 , 0.005137 , -0.016717 , 0 , 0.956919 , 0.167524 , 0 , 
-0.93665 , -0.301389 , 0 , 0.00528304 , -0.0166708 , 0 , 0.954328 , 0.172295 , 0 , 
-0.933972 , -0.309713 , 0 , 0.00542866 , -0.0166232 , 0 , 0.951659 , 0.177052 , 0 , 
-0.931222 , -0.318012 , 0 , 0.00557382 , -0.0165744 , 0 , 0.948912 , 0.181795 , 0 , 
-0.928399 , -0.326287 , 0 , 0.00571853 , -0.0165243 , 0 , 0.946087 , 0.186524 , 0 , 
-0.925503 , -0.334537 , 0 , 0.00586277 , -0.0164729 , 0 , 0.943185 , 0.191236 , 0 , 
-0.922536 , -0.34276 , 0 , 0.00600653 , -0.0164203 , 0 , 0.940203 , 0.195933 , 0 , 
-0.919497 , -0.350957 , 0 , 0.0061498 , -0.0163664 , 0 , 0.937144 , 0.200613 , 0 , 
-0.916386 , -0.359126 , 0 , 0.00629256 , -0.0163112 , 0 , 0.934005 , 0.205277 , 0 , 
-0.913204 , -0.367268 , 0 , 0.00643481 , -0.0162548 , 0 , 0.930787 , 0.209923 , 0 , 
-0.909952 , -0.375381 , 0 , 0.00657653 , -0.0161971 , 0 , 0.92749 , 0.214551 , 0 , 
-0.906628 , -0.383465 , 0 , 0.00671771 , -0.0161382 , 0 , 0.924113 , 0.219161 , 0 , 
-0.903234 , -0.391519 , 0 , 0.00685834 , -0.016078 , 0 , 0.920656 , 0.223752 , 0 , 
-0.89977 , -0.399542 , 0 , 0.00699841 , -0.0160166 , 0 , 0.917119 , 0.228323 , 0 , 
-0.896236 , -0.407535 , 0 , 0.00713791 , -0.015954 , 0 , 0.913502 , 0.232875 , 0 , 
-0.892632 , -0.415496 , 0 , 0.00727683 , -0.0158901 , 0 , 0.909803 , 0.237405 , 0 , 
-0.888959 , -0.423425 , 0 , 0.00741515 , -0.0158251 , 0 , 0.906024 , 0.241915 , 0 , 
-0.885217 , -0.431321 , 0 , 0.00755287 , -0.0157588 , 0 , 0.902163 , 0.246403 , 0 , 
-0.881406 , -0.439184 , 0 , 0.00768997 , -0.0156913 , 0 , 0.89822 , 0.250868 , 0 , 
-0.877527 , -0.447012 , 0 , 0.00782645 , -0.0156227 , 0 , 0.894195 , 0.255311 , 0 , 
-0.87358 , -0.454806 , 0 , 0.00796229 , -0.0155528 , 0 , 0.890088 , 0.25973 , 0 , 
-0.869565 , -0.462565 , 0 , 0.00809748 , -0.0154817 , 0 , 0.885897 , 0.264125 , 0 , 
-0.865483 , -0.470288 , 0 , 0.00823201 , -0.0154095 , 0 , 0.881624 , 0.268495 , 0 , 
-0.861333 , -0.477974 , 0 , 0.00836587 , -0.0153361 , 0 , 0.877267 , 0.272839 , 0 , 
-0.857117 , -0.485624 , 0 , 0.00849905 , -0.0152615 , 0 , 0.872826 , 0.277158 , 0 , 
-0.852834 , -0.493236 , 0 , 0.00863154 , -0.0151858 , 0 , 0.868301 , 0.28145 , 0 , 
-0.848486 , -0.500809 , 0 , 0.00876334 , -0.0151089 , 0 , 0.863691 , 0.285714 , 0 , 
-0.844071 , -0.508344 , 0 , 0.00889442 , -0.0150309 , 0 , 0.858996 , 0.28995 , 0 , 
-0.839591 , -0.51584 , 0 , 0.00902478 , -0.0149518 , 0 , 0.854216 , 0.294157 , 0 , 
-0.835047 , -0.523296 , 0 , 0.00915441 , -0.0148715 , 0 , 0.849349 , 0.298335 , 0 , 
-0.830437 , -0.530711 , 0 , 0.00928329 , -0.0147901 , 0 , 0.844396 , 0.302482 , 0 , 
-0.825763 , -0.538086 , 0 , 0.00941143 , -0.0147075 , 0 , 0.839356 , 0.306598 , 0 , 
-0.821026 , -0.545419 , 0 , 0.00953881 , -0.0146239 , 0 , 0.834229 , 0.310683 , 0 , 
-0.816225 , -0.55271 , 0 , 0.00966541 , -0.0145391 , 0 , 0.829014 , 0.314734 , 0 , 
-0.811361 , -0.559958 , 0 , 0.00979124 , -0.0144533 , 0 , 0.823711 , 0.318752 , 0 , 
-0.806434 , -0.567163 , 0 , 0.00991628 , -0.0143664 , 0 , 0.818319 , 0.322736 , 0 , 
-0.801445 , -0.574324 , 0 , 0.0100405 , -0.0142784 , 0 , 0.812837 , 0.326684 , 0 , 
-0.796393 , -0.581441 , 0 , 0.0101639 , -0.0141893 , 0 , 0.807266 , 0.330597 , 0 , 
-0.791281 , -0.588513 , 0 , 0.0102866 , -0.0140992 , 0 , 0.801605 , 0.334472 , 0 , 
-0.786107 , -0.59554 , 0 , 0.0104083 , -0.014008 , 0 , 0.795852 , 0.338309 , 0 , 
-0.780873 , -0.602521 , 0 , 0.0105293 , -0.0139158 , 0 , 0.790008 , 0.342108 , 0 , 
-0.775578 , -0.609456 , 0 , 0.0106494 , -0.0138225 , 0 , 0.784072 , 0.345866 , 0 , 
-0.770223 , -0.616344 , 0 , 0.0107686 , -0.0137282 , 0 , 0.778044 , 0.349584 , 0 , 
-0.76481 , -0.623184 , 0 , 0.010887 , -0.0136329 , 0 , 0.771922 , 0.35326 , 0 , 
-0.759337 , -0.629976 , 0 , 0.0110045 , -0.0135366 , 0 , 0.765706 , 0.356892 , 0 , 
-0.753805 , -0.63672 , 0 , 0.0111212 , -0.0134392 , 0 , 0.759396 , 0.360481 , 0 , 
-0.748216 , -0.643415 , 0 , 0.0112369 , -0.0133409 , 0 , 0.752991 , 0.364025 , 0 , 
-0.742568 , -0.650061 , 0 , 0.0113517 , -0.0132416 , 0 , 0.74649 , 0.367522 , 0 , 
-0.736864 , -0.656657 , 0 , 0.0114657 , -0.0131413 , 0 , 0.739892 , 0.370972 , 0 , 
-0.731103 , -0.663202 , 0 , 0.0115787 , -0.01304 , 0 , 0.733198 , 0.374373 , 0 , 
-0.725286 , -0.669697 , 0 , 0.0116908 , -0.0129378 , 0 , 0.726405 , 0.377724 , 0 , 
-0.719412 , -0.67614 , 0 , 0.011802 , -0.0128346 , 0 , 0.719515 , 0.381023 , 0 , 
-0.713484 , -0.682531 , 0 , 0.0119122 , -0.0127305 , 0 , 0.712524 , 0.384271 , 0 , 
-0.7075 , -0.68887 , 0 , 0.0120215 , -0.0126254 , 0 , 0.705434 , 0.387464 , 0 , 
-0.701463 , -0.695156 , 0 , 0.0121298 , -0.0125194 , 0 , 0.698243 , 0.390601 , 0 , 
-0.695371 , -0.70139 , 0 , 0.0122371 , -0.0124125 , 0 , 0.690951 , 0.393682 , 0 , 
-0.689226 , -0.707569 , 0 , 0.0123435 , -0.0123047 , 0 , 0.683556 , 0.396705 , 0 , 
-0.683027 , -0.713694 , 0 , 0.0124489 , -0.012196 , 0 , 0.676058 , 0.399667 , 0 , 
-0.676777 , -0.719765 , 0 , 0.0125534 , -0.0120864 , 0 , 0.668456 , 0.402568 , 0 , 
-0.670474 , -0.72578 , 0 , 0.0126568 , -0.011976 , 0 , 0.660749 , 0.405406 , 0 , 
-0.66412 , -0.731741 , 0 , 0.0127592 , -0.0118646 , 0 , 0.652936 , 0.408178 , 0 , 
-0.657715 , -0.737645 , 0 , 0.0128607 , -0.0117524 , 0 , 0.645017 , 0.410884 , 0 , 
-0.65126 , -0.743493 , 0 , 0.0129611 , -0.0116394 , 0 , 0.63699 , 0.413521 , 0 , 
-0.644754 , -0.749284 , 0 , 0.0130605 , -0.0115255 , 0 , 0.628854 , 0.416088 , 0 , 
-0.6382 , -0.755018 , 0 , 0.0131588 , -0.0114108 , 0 , 0.62061 , 0.418582 , 0 , 
-0.631596 , -0.760695 , 0 , 0.0132562 , -0.0112953 , 0 , 0.612254 , 0.421002 , 0 , 
-0.624944 , -0.766314 , 0 , 0.0133524 , -0.0111789 , 0 , 0.603788 , 0.423344 , 0 , 
-0.618243 , -0.771874 , 0 , 0.0134477 , -0.0110618 , 0 , 0.595208 , 0.425608 , 0 , 
-0.611496 , -0.777375 , 0 , 0.0135419 , -0.0109439 , 0 , 0.586516 , 0.427791 , 0 , 
-0.604702 , -0.782818 , 0 , 0.013635 , -0.0108251 , 0 , 0.577709 , 0.429889 , 0 , 
-0.597861 , -0.7882 , 0 , 0.013727 , -0.0107057 , 0 , 0.568786 , 0.431902 , 0 , 
-0.590975 , -0.793523 , 0 , 0.013818 , -0.0105854 , 0 , 0.559746 , 0.433826 , 0 , 
-0.584044 , -0.798786 , 0 , 0.0139079 , -0.0104644 , 0 , 0.550589 , 0.435658 , 0 , 
-0.577067 , -0.803988 , 0 , 0.0139967 , -0.0103427 , 0 , 0.541313 , 0.437395 , 0 , 
-0.570047 , -0.809128 , 0 , 0.0140844 , -0.0102202 , 0 , 0.531917 , 0.439036 , 0 , 
-0.562983 , -0.814208 , 0 , 0.0141711 , -0.0100971 , 0 , 0.522399 , 0.440576 , 0 , 
-0.555876 , -0.819225 , 0 , 0.0142566 , -0.00997319 , 0 , 0.512759 , 0.442012 , 0 , 
-0.548727 , -0.824181 , 0 , 0.014341 , -0.0098486 , 0 , 0.502995 , 0.443342 , 0 , 
-0.541535 , -0.829074 , 0 , 0.0144243 , -0.00972333 , 0 , 0.493107 , 0.444561 , 0 , 
-0.534303 , -0.833904 , 0 , 0.0145065 , -0.00959738 , 0 , 0.483092 , 0.445666 , 0 , 
-0.527029 , -0.838671 , 0 , 0.0145875 , -0.00947077 , 0 , 0.47295 , 0.446653 , 0 , 
-0.519715 , -0.843375 , 0 , 0.0146674 , -0.0093435 , 0 , 0.462679 , 0.447517 , 0 , 
-0.512362 , -0.848015 , 0 , 0.0147462 , -0.00921558 , 0 , 0.452278 , 0.448256 , 0 , 
-0.504969 , -0.85259 , 0 , 0.0148239 , -0.00908703 , 0 , 0.441746 , 0.448864 , 0 , 
-0.497538 , -0.857102 , 0 , 0.0149004 , -0.00895786 , 0 , 0.431081 , 0.449337 , 0 , 
-0.490069 , -0.861548 , 0 , 0.0149757 , -0.00882807 , 0 , 0.420282 , 0.449669 , 0 , 
-0.482563 , -0.86593 , 0 , 0.0150499 , -0.00869768 , 0 , 0.409349 , 0.449856 , 0 , 
-0.475019 , -0.870246 , 0 , 0.015123 , -0.0085667 , 0 , 0.398278 , 0.449893 , 0 , 
-0.46744 , -0.874496 , 0 , 0.0151949 , -0.00843513 , 0 , 0.38707 , 0.449773 , 0 , 
-0.459825 , -0.878681 , 0 , 0.0152656 , -0.008303 , 0 , 0.375723 , 0.44949 , 0 , 
-0.452175 , -0.882799 , 0 , 0.0153351 , -0.00817031 , 0 , 0.364236 , 0.449039 , 0 , 
-0.44449 , -0.886851 , 0 , 0.0154035 , -0.00803706 , 0 , 0.352607 , 0.448412 , 0 , 
-0.436771 , -0.890836 , 0 , 0.0154707 , -0.00790328 , 0 , 0.340835 , 0.447603 , 0 , 
-0.429019 , -0.894754 , 0 , 0.0155367 , -0.00776897 , 0 , 0.32892 , 0.446603 , 0 , 
-0.421235 , -0.898605 , 0 , 0.0156015 , -0.00763415 , 0 , 0.316859 , 0.445406 , 0 , 
-0.413418 , -0.902388 , 0 , 0.0156651 , -0.00749882 , 0 , 0.304653 , 0.444002 , 0 , 
-0.40557 , -0.906104 , 0 , 0.0157276 , -0.007363 , 0 , 0.2923 , 0.442382 , 0 , 
-0.397691 , -0.909751 , 0 , 0.0157888 , -0.0072267 , 0 , 0.2798 , 0.440538 , 0 , 
-0.389781 , -0.913331 , 0 , 0.0158488 , -0.00708992 , 0 , 0.267152 , 0.438458 , 0 , 
-0.381842 , -0.916841 , 0 , 0.0159077 , -0.00695269 , 0 , 0.254355 , 0.436132 , 0 , 
-0.373874 , -0.920283 , 0 , 0.0159653 , -0.006815 , 0 , 0.241409 , 0.433549 , 0 , 
-0.365877 , -0.923656 , 0 , 0.0160217 , -0.00667688 , 0 , 0.228315 , 0.430697 , 0 , 
-0.357852 , -0.92696 , 0 , 0.0160769 , -0.00653833 , 0 , 0.215073 , 0.427561 , 0 , 
-0.3498 , -0.930195 , 0 , 0.0161309 , -0.00639936 , 0 , 0.201683 , 0.424128 , 0 , 
-0.341722 , -0.933359 , 0 , 0.0161836 , -0.00625999 , 0 , 0.188146 , 0.420383 , 0 , 
-0.333617 , -0.936455 , 0 , 0.0162352 , -0.00612022 , 0 , 0.174465 , 0.41631 , 0 , 
-0.325487 , -0.93948 , 0 , 0.0162855 , -0.00598007 , 0 , 0.160641 , 0.411891 , 0 , 
-0.317332 , -0.942435 , 0 , 0.0163346 , -0.00583956 , 0 , 0.146677 , 0.407107 , 0 , 
-0.309152 , -0.945319 , 0 , 0.0163824 , -0.00569868 , 0 , 0.132578 , 0.401939 , 0 , 
-0.30095 , -0.948133 , 0 , 0.016429 , -0.00555745 , 0 , 0.118348 , 0.396365 , 0 , 
-0.292724 , -0.950877 , 0 , 0.0164744 , -0.00541589 , 0 , 0.103993 , 0.39036 , 0 , 
-0.284475 , -0.953549 , 0 , 0.0165186 , -0.005274 , 0 , 0.0895203 , 0.3839 , 0 , 
-0.276205 , -0.956151 , 0 , 0.0165615 , -0.0051318 , 0 , 0.0749399 , 0.376957 , 0 , 
-0.267914 , -0.958681 , 0 , 0.0166032 , -0.0049893 , 0 , 0.060263 , 0.369502 , 0 , 
-0.259602 , -0.96114 , 0 , 0.0166436 , -0.0048465 , 0 , 0.0455037 , 0.361503 , 0 , 
-0.251271 , -0.963528 , 0 , 0.0166828 , -0.00470343 , 0 , 0.030679 , 0.352924 , 0 , 
-0.24292 , -0.965843 , 0 , 0.0167207 , -0.00456009 , 0 , 0.0158101 , 0.343729 , 0 , 
-0.23455 , -0.968088 , 0 , 0.0167574 , -0.00441649 , 0 , 0.000922413 , 0.333877 , 0 , 
-0.226163 , -0.97026 , 0 , 0.0167928 , -0.00427264 , 0 , -0.0139529 , 0.323327 , 0 , 
-0.217758 , -0.97236 , 0 , 0.016827 , -0.00412857 , 0 , -0.0287781 , 0.312031 , 0 , 
-0.209336 , -0.974389 , 0 , 0.01686 , -0.00398427 , 0 , -0.0435072 , 0.299943 , 0 , 
-0.200898 , -0.976345 , 0 , 0.0168916 , -0.00383976 , 0 , -0.0580847 , 0.287015 , 0 , 
-0.192444 , -0.978228 , 0 , 0.0169221 , -0.00369505 , 0 , -0.072444 , 0.273195 , 0 , 
-0.183976 , -0.98004 , 0 , 0.0169512 , -0.00355015 , 0 , -0.0865053 , 0.258437 , 0 , 
-0.175493 , -0.981778 , 0 , 0.0169791 , -0.00340507 , 0 , -0.100174 , 0.242696 , 0 , 
-0.166997 , -0.983445 , 0 , 0.0170058 , -0.00325984 , 0 , -0.113341 , 0.225935 , 0 , 
-0.158488 , -0.985038 , 0 , 0.0170312 , -0.00311444 , 0 , -0.12588 , 0.208129 , 0 , 
-0.149966 , -0.986559 , 0 , 0.0170553 , -0.0029689 , 0 , -0.137649 , 0.189267 , 0 , 
-0.141433 , -0.988007 , 0 , 0.0170781 , -0.00282323 , 0 , -0.148492 , 0.169362 , 0 , 
-0.132888 , -0.989382 , 0 , 0.0170997 , -0.00267744 , 0 , -0.158245 , 0.14845 , 0 , 
-0.124333 , -0.990685 , 0 , 0.01712 , -0.00253154 , 0 , -0.16674 , 0.126602 , 0 , 
-0.115768 , -0.991914 , 0 , 0.0171391 , -0.00238553 , 0 , -0.173811 , 0.103919 , 0 , 
-0.107194 , -0.99307 , 0 , 0.0171569 , -0.00223943 , 0 , -0.17931 , 0.0805394 , 0 , 
-0.0986117 , -0.994154 , 0 , 0.0171734 , -0.00209324 , 0 , -0.183107 , 0.0566334 , 0 , 
-0.0900212 , -0.995164 , 0 , 0.0171886 , -0.00194698 , 0 , -0.185108 , 0.0323988 , 0 , 
-0.0814234 , -0.996101 , 0 , 0.0172025 , -0.00180065 , 0 , -0.185258 , 0.0080526 , 0 , 
-0.0728189 , -0.996964 , 0 , 0.0172152 , -0.00165425 , 0 , -0.183547 , -0.0161797 , 0 , 
-0.0642084 , -0.997755 , 0 , 0.0172266 , -0.0015078 , 0 , -0.180012 , -0.0400759 , 0 , 
-0.0555925 , -0.998472 , 0 , 0.0172367 , -0.0013613 , 0 , -0.174732 , -0.063429 , 0 , 
-0.0469719 , -0.999116 , 0 , 0.0172456 , -0.00121475 , 0 , -0.167823 , -0.0860568 , 0 , 
-0.0383471 , -0.999687 , 0 , 0.0172531 , -0.00106817 , 0 , -0.159426 , -0.107809 , 0 , 
-0.0297189 , -1.00018 , 0 , 0.0172594 , -0.000921547 , 0 , -0.149703 , -0.128569 , 0 , 
-0.0210879 , -1.00061 , 0 , 0.0172645 , -0.000774899 , 0 , -0.138818 , -0.148255 , 0 , 
-0.0124547 , -1.00096 , 0 , 0.0172682 , -0.000628228 , 0 , -0.126937 , -0.166818 , 0 , 
-0.0038199 , -1.00124 , 0 , 0.0172707 , -0.000481541 , 0 , -0.114219 , -0.184236 , 0 , 
0.00481581 , -1.00144 , 0 , 0.0172719 , -0.000334844 , 0 , -0.100808 , -0.200507 , 0 , 
0.0134518 , -1.00157 , 0 , 0.0172719 , -0.000188144 , 0 , -0.0868381 , -0.21565 , 0 , 
0.0220875 , -1.00163 , 0 , 0.0172706 , -4.14499e-05 , 0 , -0.0724252 , -0.229694 , 0 , 
0.0307222 , -1.00161 , 0 , 0.0172681 , 0.00010523 , 0 , -0.0576726 , -0.242677 , 0 , 
0.0393553 , -1.00152 , 0 , 0.0172643 , 0.000251887 , 0 , -0.0426693 , -0.254642 , 0 , 
0.0479863 , -1.00136 , 0 , 0.0172593 , 0.000398511 , 0 , -0.0274919 , -0.265637 , 0 , 
0.0566144 , -1.00113 , 0 , 0.017253 , 0.000545091 , 0 , -0.0122057 , -0.27571 , 0 , 
0.0652391 , -1.00082 , 0 , 0.0172455 , 0.000691616 , 0 , 0.00313367 , -0.284908 , 0 , 
0.0738597 , -1.00043 , 0 , 0.0172368 , 0.000838076 , 0 , 0.0184793 , -0.293279 , 0 , 
0.0824757 , -0.999978 , 0 , 0.0172269 , 0.000984457 , 0 , 0.0337915 , -0.300868 , 0 , 
0.0910864 , -0.999449 , 0 , 0.0172157 , 0.00113075 , 0 , 0.0490367 , -0.307718 , 0 , 
0.0996913 , -0.998848 , 0 , 0.0172034 , 0.00127693 , 0 , 0.064187 , -0.31387 , 0 , 
0.10829 , -0.998173 , 0 , 0.0171898 , 0.001423 , 0 , 0.0792186 , -0.319364 , 0 , 
0.116881 , -0.997425 , 0 , 0.0171751 , 0.00156895 , 0 , 0.094112 , -0.324236 , 0 , 
0.125465 , -0.996604 , 0 , 0.0171591 , 0.00171474 , 0 , 0.108851 , -0.328519 , 0 , 
0.13404 , -0.99571 , 0 , 0.017142 , 0.00186038 , 0 , 0.123421 , -0.332246 , 0 , 
0.142606 , -0.994743 , 0 , 0.0171237 , 0.00200585 , 0 , 0.137811 , -0.335448 , 0 , 
0.151163 , -0.993704 , 0 , 0.0171041 , 0.00215114 , 0 , 0.152011 , -0.338152 , 0 , 
0.15971 , -0.992592 , 0 , 0.0170834 , 0.00229622 , 0 , 0.166015 , -0.340383 , 0 , 
0.168247 , -0.991408 , 0 , 0.0170616 , 0.0024411 , 0 , 0.179815 , -0.342168 , 0 , 
0.176772 , -0.990151 , 0 , 0.0170385 , 0.00258575 , 0 , 0.193407 , -0.343528 , 0 , 
0.185285 , -0.988822 , 0 , 0.0170143 , 0.00273016 , 0 , 0.206785 , -0.344484 , 0 , 
0.193786 , -0.987421 , 0 , 0.0169889 , 0.00287432 , 0 , 0.219948 , -0.345058 , 0 , 
0.202274 , -0.985948 , 0 , 0.0169623 , 0.00301821 , 0 , 0.232892 , -0.345267 , 0 , 
0.210748 , -0.984403 , 0 , 0.0169346 , 0.00316183 , 0 , 0.245616 , -0.345129 , 0 , 
0.219208 , -0.982786 , 0 , 0.0169057 , 0.00330515 , 0 , 0.258117 , -0.34466 , 0 , 
0.227654 , -0.981098 , 0 , 0.0168757 , 0.00344818 , 0 , 0.270396 , -0.343876 , 0 , 
0.236084 , -0.979338 , 0 , 0.0168445 , 0.00359088 , 0 , 0.282451 , -0.342791 , 0 , 
0.244498 , -0.977507 , 0 , 0.0168121 , 0.00373326 , 0 , 0.294282 , -0.34142 , 0 , 
0.252896 , -0.975605 , 0 , 0.0167786 , 0.0038753 , 0 , 0.30589 , -0.339773 , 0 , 
0.261276 , -0.973632 , 0 , 0.016744 , 0.00401699 , 0 , 0.317274 , -0.337865 , 0 , 
0.269639 , -0.971588 , 0 , 0.0167082 , 0.00415831 , 0 , 0.328435 , -0.335705 , 0 , 
0.277984 , -0.969474 , 0 , 0.0166712 , 0.00429926 , 0 , 0.339373 , -0.333306 , 0 , 
0.28631 , -0.967289 , 0 , 0.0166331 , 0.00443983 , 0 , 0.35009 , -0.330676 , 0 , 
0.294617 , -0.965034 , 0 , 0.0165939 , 0.00458 , 0 , 0.360585 , -0.327827 , 0 , 
0.302904 , -0.962709 , 0 , 0.0165535 , 0.00471977 , 0 , 0.37086 , -0.324766 , 0 , 
0.311171 , -0.960315 , 0 , 0.016512 , 0.00485912 , 0 , 0.380915 , -0.321502 , 0 , 
0.319416 , -0.95785 , 0 , 0.0164694 , 0.00499804 , 0 , 0.390753 , -0.318044 , 0 , 
0.32764 , -0.955317 , 0 , 0.0164257 , 0.00513652 , 0 , 0.400373 , -0.3144 , 0 , 
0.335842 , -0.952714 , 0 , 0.0163808 , 0.00527456 , 0 , 0.409776 , -0.310576 , 0 , 
0.344021 , -0.950042 , 0 , 0.0163348 , 0.00541214 , 0 , 0.418965 , -0.30658 , 0 , 
0.352176 , -0.947302 , 0 , 0.0162877 , 0.00554926 , 0 , 0.42794 , -0.302419 , 0 , 
0.360308 , -0.944493 , 0 , 0.0162395 , 0.0056859 , 0 , 0.436701 , -0.2981 , 0 , 
0.368416 , -0.941616 , 0 , 0.0161901 , 0.00582206 , 0 , 0.445251 , -0.293627 , 0 , 
0.376498 , -0.938671 , 0 , 0.0161397 , 0.00595772 , 0 , 0.45359 , -0.289008 , 0 , 
0.384555 , -0.935658 , 0 , 0.0160882 , 0.00609288 , 0 , 0.461719 , -0.284247 , 0 , 
0.392586 , -0.932578 , 0 , 0.0160355 , 0.00622752 , 0 , 0.46964 , -0.279351 , 0 , 
0.40059 , -0.929431 , 0 , 0.0159818 , 0.00636165 , 0 , 0.477353 , -0.274324 , 0 , 
0.408568 , -0.926217 , 0 , 0.0159269 , 0.00649524 , 0 , 0.48486 , -0.269171 , 0 , 
0.416517 , -0.922936 , 0 , 0.015871 , 0.00662829 , 0 , 0.492161 , -0.263898 , 0 , 
0.424439 , -0.919589 , 0 , 0.015814 , 0.0067608 , 0 , 0.499257 , -0.258508 , 0 , 
0.432331 , -0.916175 , 0 , 0.015756 , 0.00689275 , 0 , 0.506151 , -0.253006 , 0 , 
0.440194 , -0.912696 , 0 , 0.0156968 , 0.00702414 , 0 , 0.512841 , -0.247397 , 0 , 
0.448028 , -0.909151 , 0 , 0.0156366 , 0.00715495 , 0 , 0.51933 , -0.241684 , 0 , 
0.455831 , -0.905541 , 0 , 0.0155753 , 0.00728519 , 0 , 0.525618 , -0.235872 , 0 , 
0.463603 , -0.901866 , 0 , 0.015513 , 0.00741483 , 0 , 0.531705 , -0.229964 , 0 , 
0.471344 , -0.898127 , 0 , 0.0154496 , 0.00754387 , 0 , 0.537594 , -0.223964 , 0 , 
0.479052 , -0.894323 , 0 , 0.0153852 , 0.00767231 , 0 , 0.543284 , -0.217876 , 0 , 
0.486729 , -0.890454 , 0 , 0.0153197 , 0.00780014 , 0 , 0.548777 , -0.211703 , 0 , 
0.494372 , -0.886523 , 0 , 0.0152532 , 0.00792734 , 0 , 0.554072 , -0.205448 , 0 , 
0.501982 , -0.882527 , 0 , 0.0151856 , 0.00805391 , 0 , 0.559171 , -0.199116 , 0 , 
0.509557 , -0.878469 , 0 , 0.0151171 , 0.00817984 , 0 , 0.564074 , -0.192708 , 0 , 
0.517099 , -0.874348 , 0 , 0.0150475 , 0.00830513 , 0 , 0.568783 , -0.186228 , 0 , 
0.524605 , -0.870164 , 0 , 0.0149768 , 0.00842976 , 0 , 0.573297 , -0.17968 , 0 , 
0.532075 , -0.865918 , 0 , 0.0149052 , 0.00855374 , 0 , 0.577616 , -0.173066 , 0 , 
0.53951 , -0.86161 , 0 , 0.0148326 , 0.00867704 , 0 , 0.581743 , -0.166389 , 0 , 
0.546908 , -0.857241 , 0 , 0.0147589 , 0.00879966 , 0 , 0.585676 , -0.159652 , 0 , 
0.554269 , -0.852811 , 0 , 0.0146843 , 0.0089216 , 0 , 0.589416 , -0.152857 , 0 , 
0.561592 , -0.84832 , 0 , 0.0146087 , 0.00904285 , 0 , 0.592965 , -0.146008 , 0 , 
0.568877 , -0.843768 , 0 , 0.0145321 , 0.0091634 , 0 , 0.596321 , -0.139107 , 0 , 
0.576124 , -0.839156 , 0 , 0.0144545 , 0.00928324 , 0 , 0.599486 , -0.132156 , 0 , 
0.583332 , -0.834485 , 0 , 0.014376 , 0.00940237 , 0 , 0.60246 , -0.125159 , 0 , 
0.5905 , -0.829754 , 0 , 0.0142965 , 0.00952078 , 0 , 0.605243 , -0.118117 , 0 , 
0.597628 , -0.824964 , 0 , 0.014216 , 0.00963845 , 0 , 0.607835 , -0.111034 , 0 , 
0.604716 , -0.820116 , 0 , 0.0141346 , 0.00975539 , 0 , 0.610236 , -0.103911 , 0 , 
0.611762 , -0.815209 , 0 , 0.0140523 , 0.00987159 , 0 , 0.612447 , -0.0967515 , 0 , 
0.618768 , -0.810244 , 0 , 0.013969 , 0.00998703 , 0 , 0.614467 , -0.0895575 , 0 , 
0.625731 , -0.805222 , 0 , 0.0138847 , 0.0101017 , 0 , 0.616297 , -0.0823313 , 0 , 
0.632652 , -0.800143 , 0 , 0.0137996 , 0.0102156 , 0 , 0.617937 , -0.0750753 , 0 , 
0.639531 , -0.795007 , 0 , 0.0137135 , 0.0103288 , 0 , 0.619386 , -0.0677918 , 0 , 
0.646366 , -0.789814 , 0 , 0.0136266 , 0.0104412 , 0 , 0.620645 , -0.0604832 , 0 , 
0.653157 , -0.784566 , 0 , 0.0135387 , 0.0105528 , 0 , 0.621714 , -0.0531517 , 0 , 
0.659904 , -0.779262 , 0 , 0.0134499 , 0.0106635 , 0 , 0.622592 , -0.0457997 , 0 , 
0.666607 , -0.773902 , 0 , 0.0133602 , 0.0107735 , 0 , 0.62328 , -0.0384294 , 0 , 
0.673265 , -0.768488 , 0 , 0.0132697 , 0.0108827 , 0 , 0.623776 , -0.0310431 , 0 , 
0.679877 , -0.76302 , 0 , 0.0131782 , 0.0109911 , 0 , 0.624082 , -0.023643 , 0 , 
0.686443 , -0.757497 , 0 , 0.0130859 , 0.0110987 , 0 , 0.624196 , -0.0162315 , 0 , 
0.692962 , -0.751921 , 0 , 0.0129928 , 0.0112054 , 0 , 0.624119 , -0.00881074 , 0 , 
0.699435 , -0.746292 , 0 , 0.0128988 , 0.0113113 , 0 , 0.623849 , -0.00138308 , 0 , 
0.705861 , -0.74061 , 0 , 0.0128039 , 0.0114163 , 0 , 0.623388 , 0.00604921 , 0 , 
0.712239 , -0.734876 , 0 , 0.0127082 , 0.0115206 , 0 , 0.622733 , 0.0134838 , 0 , 
0.718569 , -0.72909 , 0 , 0.0126117 , 0.0116239 , 0 , 0.621885 , 0.0209185 , 0 , 
0.724851 , -0.723252 , 0 , 0.0125143 , 0.0117264 , 0 , 0.620844 , 0.0283508 , 0 , 
0.731083 , -0.717364 , 0 , 0.0124161 , 0.0118281 , 0 , 0.619608 , 0.0357785 , 0 , 
0.737267 , -0.711424 , 0 , 0.0123171 , 0.0119288 , 0 , 0.618178 , 0.0431991 , 0 , 
0.7434 , -0.705435 , 0 , 0.0122173 , 0.0120287 , 0 , 0.616552 , 0.0506104 , 0 , 
0.749484 , -0.699396 , 0 , 0.0121167 , 0.0121277 , 0 , 0.614729 , 0.0580097 , 0 , 
0.755517 , -0.693307 , 0 , 0.0120154 , 0.0122259 , 0 , 0.612711 , 0.0653948 , 0 , 
0.761499 , -0.68717 , 0 , 0.0119132 , 0.0123231 , 0 , 0.610494 , 0.072763 , 0 , 
0.76743 , -0.680984 , 0 , 0.0118103 , 0.0124194 , 0 , 0.608079 , 0.0801119 , 0 , 
0.773309 , -0.674751 , 0 , 0.0117066 , 0.0125148 , 0 , 0.605465 , 0.0874388 , 0 , 
0.779137 , -0.66847 , 0 , 0.0116021 , 0.0126093 , 0 , 0.602651 , 0.0947412 , 0 , 
0.784911 , -0.662142 , 0 , 0.0114969 , 0.0127029 , 0 , 0.599636 , 0.102016 , 0 , 
0.790633 , -0.655767 , 0 , 0.011391 , 0.0127956 , 0 , 0.596419 , 0.109262 , 0 , 
0.796302 , -0.649346 , 0 , 0.0112843 , 0.0128874 , 0 , 0.593 , 0.116474 , 0 , 
0.801918 , -0.64288 , 0 , 0.0111769 , 0.0129782 , 0 , 0.589376 , 0.123651 , 0 , 
0.807479 , -0.636368 , 0 , 0.0110688 , 0.013068 , 0 , 0.585547 , 0.130789 , 0 , 
0.812986 , -0.629812 , 0 , 0.01096 , 0.013157 , 0 , 0.581512 , 0.137886 , 0 , 
0.818439 , -0.623212 , 0 , 0.0108505 , 0.0132449 , 0 , 0.577269 , 0.144938 , 0 , 
0.823837 , -0.616567 , 0 , 0.0107402 , 0.0133319 , 0 , 0.572818 , 0.151942 , 0 , 
0.829179 , -0.60988 , 0 , 0.0106293 , 0.013418 , 0 , 0.568156 , 0.158895 , 0 , 
0.834466 , -0.603149 , 0 , 0.0105178 , 0.0135031 , 0 , 0.563284 , 0.165794 , 0 , 
0.839697 , -0.596377 , 0 , 0.0104055 , 0.0135872 , 0 , 0.558198 , 0.172635 , 0 , 
0.844871 , -0.589562 , 0 , 0.0102926 , 0.0136704 , 0 , 0.552898 , 0.179414 , 0 , 
0.849989 , -0.582707 , 0 , 0.0101791 , 0.0137526 , 0 , 0.547383 , 0.186128 , 0 , 
0.855051 , -0.57581 , 0 , 0.0100649 , 0.0138337 , 0 , 0.54165 , 0.192773 , 0 , 
0.860054 , -0.568873 , 0 , 0.00995008 , 0.0139139 , 0 , 0.535698 , 0.199345 , 0 , 
0.865001 , -0.561896 , 0 , 0.00983463 , 0.0139931 , 0 , 0.529525 , 0.205841 , 0 , 
0.869889 , -0.55488 , 0 , 0.00971857 , 0.0140714 , 0 , 0.52313 , 0.212254 , 0 , 
0.874719 , -0.547825 , 0 , 0.0096019 , 0.0141486 , 0 , 0.51651 , 0.218582 , 0 , 
0.879491 , -0.540732 , 0 , 0.00948463 , 0.0142248 , 0 , 0.509665 , 0.22482 , 0 , 
0.884204 , -0.533601 , 0 , 0.00936677 , 0.0142999 , 0 , 0.502591 , 0.230963 , 0 , 
0.888857 , -0.526432 , 0 , 0.00924834 , 0.0143741 , 0 , 0.495288 , 0.237005 , 0 , 
0.893452 , -0.519227 , 0 , 0.00912932 , 0.0144473 , 0 , 0.487752 , 0.242941 , 0 , 
0.897987 , -0.511985 , 0 , 0.00900975 , 0.0145194 , 0 , 0.479982 , 0.248767 , 0 , 
0.902462 , -0.504707 , 0 , 0.00888962 , 0.0145905 , 0 , 0.471976 , 0.254476 , 0 , 
0.906876 , -0.497395 , 0 , 0.00876894 , 0.0146606 , 0 , 0.463732 , 0.260062 , 0 , 
0.91123 , -0.490047 , 0 , 0.00864773 , 0.0147296 , 0 , 0.455246 , 0.26552 , 0 , 
0.915524 , -0.482665 , 0 , 0.00852599 , 0.0147976 , 0 , 0.446518 , 0.270841 , 0 , 
0.919756 , -0.47525 , 0 , 0.00840373 , 0.0148646 , 0 , 0.437544 , 0.27602 , 0 , 
0.923928 , -0.467801 , 0 , 0.00828095 , 0.0149305 , 0 , 0.428322 , 0.281049 , 0 , 
0.928037 , -0.460319 , 0 , 0.00815768 , 0.0149954 , 0 , 0.41885 , 0.285921 , 0 , 
0.932085 , -0.452805 , 0 , 0.00803391 , 0.0150592 , 0 , 0.409125 , 0.290626 , 0 , 
0.936071 , -0.44526 , 0 , 0.00790966 , 0.015122 , 0 , 0.399145 , 0.295157 , 0 , 
0.939995 , -0.437684 , 0 , 0.00778493 , 0.0151837 , 0 , 0.388907 , 0.299505 , 0 , 
0.943856 , -0.430077 , 0 , 0.00765974 , 0.0152443 , 0 , 0.378409 , 0.303659 , 0 , 
0.947655 , -0.42244 , 0 , 0.00753409 , 0.0153039 , 0 , 0.367647 , 0.307609 , 0 , 
0.95139 , -0.414773 , 0 , 0.00740799 , 0.0153624 , 0 , 0.35662 , 0.311345 , 0 , 
0.955063 , -0.407077 , 0 , 0.00728146 , 0.0154199 , 0 , 0.345326 , 0.314855 , 0 , 
0.958672 , -0.399353 , 0 , 0.00715449 , 0.0154763 , 0 , 0.333761 , 0.318126 , 0 , 
0.962217 , -0.391601 , 0 , 0.0070271 , 0.0155316 , 0 , 0.321923 , 0.321146 , 0 , 
0.965699 , -0.383822 , 0 , 0.0068993 , 0.0155858 , 0 , 0.30981 , 0.3239 , 0 , 
0.969116 , -0.376016 , 0 , 0.00677109 , 0.0156389 , 0 , 0.297421 , 0.326373 , 0 , 
0.97247 , -0.368183 , 0 , 0.00664249 , 0.015691 , 0 , 0.284753 , 0.328549 , 0 , 
0.975759 , -0.360325 , 0 , 0.00651351 , 0.015742 , 0 , 0.271804 , 0.33041 , 0 , 
0.978983 , -0.352441 , 0 , 0.00638414 , 0.0157919 , 0 , 0.258574 , 0.331939 , 0 , 
0.982143 , -0.344533 , 0 , 0.00625441 , 0.0158407 , 0 , 0.245061 , 0.333114 , 0 , 
0.985238 , -0.336601 , 0 , 0.00612433 , 0.0158884 , 0 , 0.231265 , 0.333914 , 0 , 
0.988267 , -0.328645 , 0 , 0.00599389 , 0.0159351 , 0 , 0.217187 , 0.334316 , 0 , 
0.991231 , -0.320666 , 0 , 0.00586311 , 0.0159806 , 0 , 0.202828 , 0.334295 , 0 , 
0.99413 , -0.312664 , 0 , 0.005732 , 0.0160251 , 0 , 0.188189 , 0.333822 , 0 , 
0.996963 , -0.304641 , 0 , 0.00560056 , 0.0160684 , 0 , 0.173275 , 0.332868 , 0 , 
0.999731 , -0.296596 , 0 , 0.00546881 , 0.0161107 , 0 , 0.158089 , 0.331401 , 0 , 
1.00243 , -0.288531 , 0 , 0.00533676 , 0.0161519 , 0 , 0.142639 , 0.329385 , 0 , 
1.00507 , -0.280445 , 0 , 0.0052044 , 0.016192 , 0 , 0.126934 , 0.326782 , 0 , 
1.00764 , -0.272339 , 0 , 0.00507176 , 0.0162309 , 0 , 0.110985 , 0.323551 , 0 , 
1.01014 , -0.264214 , 0 , 0.00493884 , 0.0162688 , 0 , 0.094808 , 0.319646 , 0 , 
1.01258 , -0.25607 , 0 , 0.00480565 , 0.0163056 , 0 , 0.0784221 , 0.315017 , 0 , 
1.01494 , -0.247908 , 0 , 0.0046722 , 0.0163413 , 0 , 0.0618525 , 0.309612 , 0 , 
1.01725 , -0.239729 , 0 , 0.0045385 , 0.0163758 , 0 , 0.0451309 , 0.303371 , 0 , 
1.01948 , -0.231533 , 0 , 0.00440455 , 0.0164093 , 0 , 0.0282969 , 0.296234 , 0 , 
1.02165 , -0.22332 , 0 , 0.00427036 , 0.0164417 , 0 , 0.0114003 , 0.288133 , 0 , 
1.02375 , -0.215091 , 0 , 0.00413595 , 0.0164729 , 0 , -0.00549711 , 0.278999 , 0 , 
1.02579 , -0.206847 , 0 , 0.00400132 , 0.0165031 , 0 , -0.022319 , 0.268762 , 0 , 
1.02776 , -0.198588 , 0 , 0.00386649 , 0.0165322 , 0 , -0.0389722 , 0.257349 , 0 , 
1.02965 , -0.190315 , 0 , 0.00373145 , 0.0165601 , 0 , -0.055344 , 0.244692 , 0 , 
1.03149 , -0.182028 , 0 , 0.00359622 , 0.016587 , 0 , -0.0713001 , 0.230731 , 0 , 
1.03325 , -0.173728 , 0 , 0.00346081 , 0.0166128 , 0 , -0.0866834 , 0.215417 , 0 , 
1.03495 , -0.165416 , 0 , 0.00332523 , 0.0166374 , 0 , -0.101314 , 0.198721 , 0 , 
1.03658 , -0.157091 , 0 , 0.00318949 , 0.016661 , 0 , -0.114991 , 0.180639 , 0 , 
1.03814 , -0.148755 , 0 , 0.00305359 , 0.0166834 , 0 , -0.127499 , 0.161205 , 0 , 
1.03963 , -0.140408 , 0 , 0.00291755 , 0.0167048 , 0 , -0.138611 , 0.140491 , 0 , 
1.04105 , -0.13205 , 0 , 0.00278137 , 0.0167251 , 0 , -0.148105 , 0.118616 , 0 , 
1.04241 , -0.123683 , 0 , 0.00264507 , 0.0167442 , 0 , -0.15577 , 0.095749 , 0 , 
1.0437 , -0.115306 , 0 , 0.00250867 , 0.0167623 , 0 , -0.161425 , 0.0721059 , 0 , 
1.04492 , -0.106921 , 0 , 0.00237216 , 0.0167793 , 0 , -0.164931 , 0.0479435 , 0 , 
1.04607 , -0.0985272 , 0 , 0.00223556 , 0.0167952 , 0 , -0.166203 , 0.0235489 , 0 , 
1.04716 , -0.0901259 , 0 , 0.00209888 , 0.0168099 , 0 , -0.165218 , -0.000776013 , 0 , 
1.04817 , -0.0817175 , 0 , 0.00196214 , 0.0168236 , 0 , -0.162017 , -0.024732 , 0 , 
1.04912 , -0.0733025 , 0 , 0.00182534 , 0.0168362 , 0 , -0.156703 , -0.0480396 , 0 , 
1.05 , -0.0648814 , 0 , 0.0016885 , 0.0168477 , 0 , -0.149426 , -0.0704535 , 0 , 
1.05081 , -0.0564549 , 0 , 0.00155163 , 0.0168581 , 0 , -0.140376 , -0.0917722 , 0 , 
1.05155 , -0.0480235 , 0 , 0.00141474 , 0.0168674 , 0 , -0.129763 , -0.111842 , 0 , 
1.05222 , -0.0395877 , 0 , 0.00127784 , 0.0168756 , 0 , -0.117806 , -0.130558 , 0 , 
1.05283 , -0.0311481 , 0 , 0.00114093 , 0.0168827 , 0 , -0.104721 , -0.147857 , 0 , 
1.05336 , -0.0227052 , 0 , 0.00100404 , 0.0168887 , 0 , -0.0907124 , -0.16371 , 0 , 
1.05383 , -0.0142596 , 0 , 0.000867165 , 0.0168936 , 0 , -0.0759673 , -0.178121 , 0 , 
1.05423 , -0.00581183 , 0 , 0.000730317 , 0.0168974 , 0 , -0.0606539 , -0.191114 , 0 , 
1.05456 , 0.00263757 , 0 , 0.000593505 , 0.0169001 , 0 , -0.0449206 , -0.202727 , 0 , 
1.05482 , 0.011088 , 0 , 0.000456737 , 0.0169016 , 0 , -0.0288967 , -0.213011 , 0 , 
1.05502 , 0.019539 , 0 , 0.000320022 , 0.0169021 , 0 , -0.0126935 , -0.222022 , 0 , 
1.05514 , 0.02799 , 0 , 0.000183366 , 0.0169015 , 0 , 0.00359364 , -0.22982 , 0 , 
1.0552 , 0.0364403 , 0 , 4.67785e-05 , 0.0168998 , 0 , 0.0198832 , -0.236466 , 0 , 
1.05519 , 0.0448896 , 0 , -8.97337e-05 , 0.0168969 , 0 , 0.0361062 , -0.242021 , 0 , 
1.05511 , 0.0533371 , 0 , -0.000226163 , 0.016893 , 0 , 0.0522039 , -0.246544 , 0 , 
1.05496 , 0.0617824 , 0 , -0.000362501 , 0.016888 , 0 , 0.0681266 , -0.250092 , 0 , 
1.05475 , 0.0702249 , 0 , -0.000498742 , 0.0168818 , 0 , 0.0838323 , -0.25272 , 0 , 
1.05446 , 0.0786641 , 0 , -0.000634878 , 0.0168746 , 0 , 0.0992853 , -0.254479 , 0 , 
1.05411 , 0.0870993 , 0 , -0.000770901 , 0.0168663 , 0 , 0.114455 , -0.255418 , 0 , 
1.05369 , 0.0955302 , 0 , -0.000906805 , 0.0168568 , 0 , 0.129317 , -0.255583 , 0 , 
1.05321 , 0.103956 , 0 , -0.00104258 , 0.0168463 , 0 , 0.143848 , -0.255018 , 0 , 
1.05265 , 0.112376 , 0 , -0.00117823 , 0.0168347 , 0 , 0.158031 , -0.253764 , 0 , 
1.05203 , 0.12079 , 0 , -0.00131373 , 0.0168219 , 0 , 0.171848 , -0.251857 , 0 , 
1.05134 , 0.129198 , 0 , -0.00144908 , 0.0168081 , 0 , 0.185288 , -0.249335 , 0 , 
1.05058 , 0.137598 , 0 , -0.00158428 , 0.0167932 , 0 , 0.198337 , -0.246231 , 0 , 
1.04975 , 0.145991 , 0 , -0.00171932 , 0.0167772 , 0 , 0.210987 , -0.242577 , 0 , 
1.04886 , 0.154375 , 0 , -0.00185419 , 0.0167601 , 0 , 0.223229 , -0.238402 , 0 , 
1.0479 , 0.162751 , 0 , -0.00198888 , 0.0167419 , 0 , 0.235055 , -0.233735 , 0 , 
1.04687 , 0.171117 , 0 , -0.00212339 , 0.0167226 , 0 , 0.246458 , -0.228601 , 0 , 
1.04578 , 0.179473 , 0 , -0.00225771 , 0.0167022 , 0 , 0.257433 , -0.223027 , 0 , 
1.04461 , 0.187819 , 0 , -0.00239183 , 0.0166808 , 0 , 0.267976 , -0.217035 , 0 , 
1.04338 , 0.196154 , 0 , -0.00252575 , 0.0166582 , 0 , 0.27808 , -0.210648 , 0 , 
1.04209 , 0.204477 , 0 , -0.00265946 , 0.0166346 , 0 , 0.287743 , -0.203887 , 0 , 
1.04072 , 0.212788 , 0 , -0.00279295 , 0.0166099 , 0 , 0.29696 , -0.196774 , 0 , 
1.0393 , 0.221087 , 0 , -0.00292622 , 0.0165842 , 0 , 0.305729 , -0.189326 , 0 , 
1.0378 , 0.229372 , 0 , -0.00305925 , 0.0165574 , 0 , 0.314045 , -0.181563 , 0 , 
1.03624 , 0.237644 , 0 , -0.00319205 , 0.0165294 , 0 , 0.321906 , -0.173503 , 0 , 
1.03461 , 0.245902 , 0 , -0.0033246 , 0.0165005 , 0 , 0.32931 , -0.165162 , 0 , 
1.03291 , 0.254144 , 0 , -0.0034569 , 0.0164704 , 0 , 0.336252 , -0.156558 , 0 , 
1.03115 , 0.262372 , 0 , -0.00358894 , 0.0164393 , 0 , 0.342731 , -0.147706 , 0 , 
1.02932 , 0.270584 , 0 , -0.00372072 , 0.0164072 , 0 , 0.348743 , -0.138621 , 0 , 
1.02743 , 0.278779 , 0 , -0.00385222 , 0.016374 , 0 , 0.354285 , -0.12932 , 0 , 
1.02547 , 0.286957 , 0 , -0.00398345 , 0.0163397 , 0 , 0.359356 , -0.119815 , 0 , 
1.02345 , 0.295119 , 0 , -0.00411439 , 0.0163044 , 0 , 0.363951 , -0.110123 , 0 , 
1.02136 , 0.303262 , 0 , -0.00424504 , 0.0162681 , 0 , 0.368068 , -0.100256 , 0 , 
1.0192 , 0.311386 , 0 , -0.00437538 , 0.0162307 , 0 , 0.371704 , -0.0902292 , 0 , 
1.01698 , 0.319492 , 0 , -0.00450542 , 0.0161923 , 0 , 0.374855 , -0.0800559 , 0 , 
1.0147 , 0.327579 , 0 , -0.00463515 , 0.0161528 , 0 , 0.377518 , -0.0697498 , 0 , 
1.01235 , 0.335645 , 0 , -0.00476455 , 0.0161123 , 0 , 0.37969 , -0.0593245 , 0 , 
1.00993 , 0.343691 , 0 , -0.00489363 , 0.0160708 , 0 , 0.381366 , -0.0487935 , 0 , 
1.00745 , 0.351716 , 0 , -0.00502237 , 0.0160283 , 0 , 0.382542 , -0.0381704 , 0 , 
1.00491 , 0.359719 , 0 , -0.00515077 , 0.0159847 , 0 , 0.383215 , -0.0274688 , 0 , 
1.0023 , 0.3677 , 0 , -0.00527882 , 0.0159402 , 0 , 0.38338 , -0.0167027 , 0 , 
0.99963 , 0.375659 , 0 , -0.00540651 , 0.0158946 , 0 , 0.383033 , -0.00588603 , 0 , 
0.996895 , 0.383595 , 0 , -0.00553383 , 0.0158481 , 0 , 0.382168 , 0.00496696 , 0 , 
0.994096 , 0.391507 , 0 , -0.00566078 , 0.0158005 , 0 , 0.380781 , 0.0158417 , 0 , 
0.991234 , 0.399395 , 0 , -0.00578735 , 0.015752 , 0 , 0.378867 , 0.0267232 , 0 , 
0.988309 , 0.407259 , 0 , -0.00591353 , 0.0157025 , 0 , 0.376419 , 0.037596 , 0 , 
0.985321 , 0.415097 , 0 , -0.00603931 , 0.015652 , 0 , 0.373432 , 0.0484442 , 0 , 
0.98227 , 0.42291 , 0 , -0.00616468 , 0.0156005 , 0 , 0.3699 , 0.0592514 , 0 , 
0.979156 , 0.430698 , 0 , -0.00628964 , 0.0155481 , 0 , 0.365816 , 0.0700002 , 0 , 
0.97598 , 0.438458 , 0 , -0.00641417 , 0.0154947 , 0 , 0.361175 , 0.0806726 , 0 , 
0.972742 , 0.446192 , 0 , -0.00653827 , 0.0154403 , 0 , 0.355968 , 0.0912498 , 0 , 
0.969442 , 0.453899 , 0 , -0.00666192 , 0.0153851 , 0 , 0.350189 , 0.101712 , 0 , 
0.96608 , 0.461577 , 0 , -0.00678512 , 0.0153288 , 0 , 0.34383 , 0.112038 , 0 , 
0.962657 , 0.469227 , 0 , -0.00690786 , 0.0152717 , 0 , 0.336884 , 0.122205 , 0 , 
0.959173 , 0.476849 , 0 , -0.00703013 , 0.0152136 , 0 , 0.329342 , 0.13219 , 0 , 
0.955627 , 0.484441 , 0 , -0.00715191 , 0.0151546 , 0 , 0.321197 , 0.141967 , 0 , 
0.952021 , 0.492003 , 0 , -0.00727321 , 0.0150946 , 0 , 0.31244 , 0.151509 , 0 , 
0.948354 , 0.499535 , 0 , -0.007394 , 0.0150338 , 0 , 0.303063 , 0.160787 , 0 , 
0.944627 , 0.507037 , 0 , -0.00751427 , 0.014972 , 0 , 0.293059 , 0.169769 , 0 , 
0.94084 , 0.514507 , 0 , -0.00763403 , 0.0149094 , 0 , 0.282417 , 0.17842 , 0 , 
0.936993 , 0.521946 , 0 , -0.00775325 , 0.0148458 , 0 , 0.271131 , 0.186703 , 0 , 
0.933087 , 0.529353 , 0 , -0.00787193 , 0.0147814 , 0 , 0.259194 , 0.194577 , 0 , 
0.929121 , 0.536727 , 0 , -0.00799006 , 0.0147161 , 0 , 0.246598 , 0.201998 , 0 , 
0.925097 , 0.544069 , 0 , -0.00810763 , 0.0146499 , 0 , 0.233337 , 0.208917 , 0 , 
0.921014 , 0.551377 , 0 , -0.00822463 , 0.0145828 , 0 , 0.219408 , 0.215279 , 0 , 
0.916872 , 0.558651 , 0 , -0.00834105 , 0.0145148 , 0 , 0.204808 , 0.221024 , 0 , 
0.912673 , 0.565892 , 0 , -0.00845688 , 0.0144459 , 0 , 0.189538 , 0.226087 , 0 , 
0.908416 , 0.573097 , 0 , -0.00857212 , 0.0143762 , 0 , 0.173602 , 0.230394 , 0 , 
0.904101 , 0.580268 , 0 , -0.00868675 , 0.0143056 , 0 , 0.157009 , 0.233864 , 0 , 
0.899729 , 0.587403 , 0 , -0.00880077 , 0.0142342 , 0 , 0.139776 , 0.236404 , 0 , 
0.8953 , 0.594502 , 0 , -0.00891417 , 0.0141619 , 0 , 0.121927 , 0.237916 , 0 , 
0.890815 , 0.601565 , 0 , -0.00902694 , 0.0140887 , 0 , 0.103501 , 0.238287 , 0 , 
0.886273 , 0.60859 , 0 , -0.00913908 , 0.0140147 , 0 , 0.0845477 , 0.237395 , 0 , 
0.881676 , 0.615579 , 0 , -0.00925059 , 0.0139398 , 0 , 0.0651409 , 0.235106 , 0 , 
0.877023 , 0.62253 , 0 , -0.00936145 , 0.013864 , 0 , 0.0453773 , 0.23128 , 0 , 
0.872315 , 0.629443 , 0 , -0.00947167 , 0.0137874 , 0 , 0.0253852 , 0.225765 , 0 , 
0.867551 , 0.636317 , 0 , -0.00958123 , 0.0137099 , 0 , 0.00533063 , 0.218414 , 0 , 
0.862734 , 0.643153 , 0 , -0.00969014 , 0.0136316 , 0 , -0.0145769 , 0.209083 , 0 , 
0.857861 , 0.649949 , 0 , -0.0097984 , 0.0135525 , 0 , -0.0340791 , 0.197645 , 0 , 
0.852935 , 0.656705 , 0 , -0.00990599 , 0.0134725 , 0 , -0.052867 , 0.184009 , 0 , 
0.847956 , 0.663421 , 0 , -0.0100129 , 0.0133916 , 0 , -0.0705834 , 0.16813 , 0 , 
0.842923 , 0.670097 , 0 , -0.0101192 , 0.0133099 , 0 , -0.0868311 , 0.150035 , 0 , 
0.837837 , 0.676731 , 0 , -0.0102248 , 0.0132274 , 0 , -0.101189 , 0.129834 , 0 , 
0.832698 , 0.683324 , 0 , -0.0103298 , 0.013144 , 0 , -0.113234 , 0.107741 , 0 , 
0.827507 , 0.689875 , 0 , -0.010434 , 0.0130598 , 0 , -0.122576 , 0.0840795 , 0 , 
0.822264 , 0.696384 , 0 , -0.0105377 , 0.0129748 , 0 , -0.128891 , 0.0592764 , 0 , 
0.816969 , 0.70285 , 0 , -0.0106406 , 0.0128889 , 0 , -0.13196 , 0.0338475 , 0 , 
0.811624 , 0.709272 , 0 , -0.0107429 , 0.0128022 , 0 , -0.131699 , 0.0083602 , 0 , 
0.806227 , 0.715652 , 0 , -0.0108445 , 0.0127148 , 0 , -0.128169 , -0.0166126 , 0 , 
0.800779 , 0.721987 , 0 , -0.0109454 , 0.0126265 , 0 , -0.121572 , -0.0405413 , 0 , 
0.795281 , 0.728278 , 0 , -0.0110456 , 0.0125374 , 0 , -0.112217 , -0.062979 , 0 , 
0.789734 , 0.734524 , 0 , -0.0111451 , 0.0124476 , 0 , -0.100487 , -0.0835838 , 0 , 
0.784136 , 0.740726 , 0 , -0.011244 , 0.012357 , 0 , -0.0867931 , -0.102123 , 0 , 
0.77849 , 0.746881 , 0 , -0.0113421 , 0.0122656 , 0 , -0.0715433 , -0.118465 , 0 , 
0.772795 , 0.752991 , 0 , -0.0114395 , 0.0121735 , 0 , -0.0551204 , -0.132557 , 0 , 
0.767051 , 0.759055 , 0 , -0.0115361 , 0.0120806 , 0 , -0.0378683 , -0.144409 , 0 , 
0.761259 , 0.765072 , 0 , -0.0116321 , 0.011987 , 0 , -0.0200876 , -0.154076 , 0 , 
0.755419 , 0.771042 , 0 , -0.0117273 , 0.0118927 , 0 , -0.00203638 , -0.16164 , 0 , 
0.749531 , 0.776964 , 0 , -0.0118217 , 0.0117976 , 0 , 0.0160665 , -0.167199 , 0 , 
0.743597 , 0.782839 , 0 , -0.0119154 , 0.0117018 , 0 , 0.0340364 , -0.170859 , 0 , 
0.737616 , 0.788666 , 0 , -0.0120083 , 0.0116053 , 0 , 0.0517175 , -0.172732 , 0 , 
0.731589 , 0.794444 , 0 , -0.0121004 , 0.0115081 , 0 , 0.0689786 , -0.172926 , 0 , 
0.725516 , 0.800174 , 0 , -0.0121918 , 0.0114101 , 0 , 0.0857079 , -0.171548 , 0 , 
0.719397 , 0.805854 , 0 , -0.0122824 , 0.0113115 , 0 , 0.10181 , -0.168699 , 0 , 
0.713234 , 0.811485 , 0 , -0.0123722 , 0.0112122 , 0 , 0.117202 , -0.164478 , 0 , 
0.707025 , 0.817066 , 0 , -0.0124612 , 0.0111122 , 0 , 0.131813 , -0.158977 , 0 , 
0.700773 , 0.822597 , 0 , -0.0125494 , 0.0110115 , 0 , 0.145577 , -0.152283 , 0 , 
0.694476 , 0.828078 , 0 , -0.0126368 , 0.0109101 , 0 , 0.158437 , -0.144482 , 0 , 
0.688136 , 0.833507 , 0 , -0.0127234 , 0.0108081 , 0 , 0.17034 , -0.135653 , 0 , 
0.681753 , 0.838886 , 0 , -0.0128091 , 0.0107054 , 0 , 0.181237 , -0.125873 , 0 , 
0.675327 , 0.844213 , 0 , -0.0128941 , 0.010602 , 0 , 0.191079 , -0.115216 , 0 , 
0.668859 , 0.849488 , 0 , -0.0129782 , 0.010498 , 0 , 0.199822 , -0.103755 , 0 , 
0.662349 , 0.854711 , 0 , -0.0130615 , 0.0103933 , 0 , 0.207421 , -0.091562 , 0 , 
0.655798 , 0.859881 , 0 , -0.0131439 , 0.0102879 , 0 , 0.213829 , -0.0787071 , 0 , 
0.649205 , 0.864998 , 0 , -0.0132255 , 0.0101819 , 0 , 0.219003 , -0.0652622 , 0 , 
0.642572 , 0.870063 , 0 , -0.0133063 , 0.0100753 , 0 , 0.222894 , -0.0513003 , 0 , 
0.635899 , 0.875074 , 0 , -0.0133862 , 0.00996802 , 0 , 0.225454 , -0.0368967 , 0 , 
0.629186 , 0.880031 , 0 , -0.0134653 , 0.00986011 , 0 , 0.226633 , -0.0221309 , 0 , 
0.622434 , 0.884934 , 0 , -0.0135436 , 0.00975158 , 0 , 0.226375 , -0.00708703 , 0 , 
0.615643 , 0.889782 , 0 , -0.0136209 , 0.00964242 , 0 , 0.224624 , 0.00814332 , 0 , 
0.608813 , 0.894576 , 0 , -0.0136975 , 0.00953265 , 0 , 0.221321 , 0.0234597 , 0 , 
0.601945 , 0.899315 , 0 , -0.0137731 , 0.00942226 , 0 , 0.2164 , 0.0387498 , 0 , 
0.59504 , 0.903998 , 0 , -0.0138479 , 0.00931127 , 0 , 0.209794 , 0.0538861 , 0 , 
0.588098 , 0.908626 , 0 , -0.0139218 , 0.00919968 , 0 , 0.201433 , 0.068722 , 0 , 
0.581118 , 0.913198 , 0 , -0.0139949 , 0.0090875 , 0 , 0.191246 , 0.083086 , 0 , 
0.574103 , 0.917713 , 0 , -0.0140671 , 0.00897474 , 0 , 0.179161 , 0.0967753 , 0 , 
0.567052 , 0.922173 , 0 , -0.0141385 , 0.00886141 , 0 , 0.165115 , 0.109548 , 0 , 
0.559965 , 0.926575 , 0 , -0.0142089 , 0.00874751 , 0 , 0.149057 , 0.121112 , 0 , 
0.552843 , 0.93092 , 0 , -0.0142785 , 0.00863307 , 0 , 0.130963 , 0.131115 , 0 , 
0.545686 , 0.935208 , 0 , -0.0143472 , 0.00851808 , 0 , 0.110857 , 0.139136 , 0 , 
0.538496 , 0.939438 , 0 , -0.014415 , 0.00840257 , 0 , 0.0888387 , 0.144673 , 0 , 
0.531272 , 0.94361 , 0 , -0.0144819 , 0.00828654 , 0 , 0.0651241 , 0.147148 , 0 , 
0.524014 , 0.947725 , 0 , -0.0145479 , 0.00817002 , 0 , 0.0400938 , 0.145921 , 0 , 
0.516724 , 0.95178 , 0 , -0.014613 , 0.008053 , 0 , 0.0143495 , 0.140323 , 0 , 
0.509401 , 0.955777 , 0 , -0.0146771 , 0.0079355 , 0 , -0.0112271 , 0.129721 , 0 , 
0.502047 , 0.959716 , 0 , -0.0147403 , 0.00781751 , 0 , -0.0354101 , 0.113624 , 0 , 
0.494661 , 0.963595 , 0 , -0.0148026 , 0.00769904 , 0 , -0.0565873 , 0.0918863 , 0 , 
0.487244 , 0.967415 , 0 , -0.0148639 , 0.00758008 , 0 , -0.0728802 , 0.0650554 , 0 , 
0.479797 , 0.971175 , 0 , -0.0149243 , 0.00746063 , 0 , -0.0826587 , 0.0346805 , 0 , 
0.47232 , 0.974875 , 0 , -0.0149838 , 0.00734069 , 0 , -0.0852963 , 0.00307518 , 0 , 
0.464814 , 0.978516 , 0 , -0.0150423 , 0.00722025 , 0 , -0.0814241 , -0.027513 , 0 , 
0.457278 , 0.982096 , 0 , -0.0150999 , 0.00709934 , 0 , -0.0724395 , -0.0555694 , 0 , 
0.449714 , 0.985615 , 0 , -0.0151565 , 0.00697796 , 0 , -0.0598709 , -0.0803984 , 0 , 
0.442122 , 0.989073 , 0 , -0.0152122 , 0.00685611 , 0 , -0.0450098 , -0.10189 , 0 , 
0.434502 , 0.992471 , 0 , -0.015267 , 0.00673383 , 0 , -0.0288035 , -0.120241 , 0 , 
0.426855 , 0.995807 , 0 , -0.0153208 , 0.0066111 , 0 , -0.0118973 , -0.135764 , 0 , 
0.419181 , 0.999082 , 0 , -0.0153737 , 0.00648796 , 0 , 0.00528116 , -0.148782 , 0 , 
0.411481 , 1.0023 , 0 , -0.0154257 , 0.0063644 , 0 , 0.0224496 , -0.159588 , 0 , 
0.403756 , 1.00545 , 0 , -0.0154767 , 0.00624043 , 0 , 0.0394201 , -0.16844 , 0 , 
0.396005 , 1.00854 , 0 , -0.0155267 , 0.00611607 , 0 , 0.0560658 , -0.175554 , 0 , 
0.388229 , 1.01156 , 0 , -0.0155758 , 0.00599132 , 0 , 0.0723002 , -0.181116 , 0 , 
0.380429 , 1.01453 , 0 , -0.0156239 , 0.00586619 , 0 , 0.0880634 , -0.185283 , 0 , 
0.372605 , 1.01743 , 0 , -0.015671 , 0.00574069 , 0 , 0.103314 , -0.188188 , 0 , 
0.364758 , 1.02027 , 0 , -0.0157172 , 0.00561482 , 0 , 0.118021 , -0.189944 , 0 , 
0.356888 , 1.02304 , 0 , -0.0157624 , 0.0054886 , 0 , 0.132164 , -0.190651 , 0 , 
0.348996 , 1.02576 , 0 , -0.0158066 , 0.00536203 , 0 , 0.145728 , -0.190394 , 0 , 
0.341082 , 1.02841 , 0 , -0.0158498 , 0.00523512 , 0 , 0.1587 , -0.189247 , 0 , 
0.333147 , 1.03099 , 0 , -0.015892 , 0.00510788 , 0 , 0.171071 , -0.187275 , 0 , 
0.32519 , 1.03351 , 0 , -0.0159333 , 0.0049803 , 0 , 0.182835 , -0.184537 , 0 , 
0.317214 , 1.03597 , 0 , -0.0159735 , 0.00485241 , 0 , 0.193985 , -0.181084 , 0 , 
0.309217 , 1.03837 , 0 , -0.0160128 , 0.00472421 , 0 , 0.204514 , -0.176963 , 0 , 
0.301201 , 1.0407 , 0 , -0.016051 , 0.0045957 , 0 , 0.214418 , -0.172214 , 0 , 
0.293166 , 1.04296 , 0 , -0.0160883 , 0.00446689 , 0 , 0.223691 , -0.166876 , 0 , 
0.285113 , 1.04516 , 0 , -0.0161245 , 0.00433779 , 0 , 0.232326 , -0.160982 , 0 , 
0.277042 , 1.0473 , 0 , -0.0161597 , 0.00420841 , 0 , 0.240316 , -0.154565 , 0 , 
0.268953 , 1.04937 , 0 , -0.016194 , 0.00407875 , 0 , 0.247655 , -0.147654 , 0 , 
0.260848 , 1.05138 , 0 , -0.0162272 , 0.00394882 , 0 , 0.254334 , -0.140275 , 0 , 
0.252726 , 1.05332 , 0 , -0.0162594 , 0.00381863 , 0 , 0.260344 , -0.132453 , 0 , 
0.244589 , 1.0552 , 0 , -0.0162906 , 0.00368818 , 0 , 0.265675 , -0.124214 , 0 , 
0.236436 , 1.05701 , 0 , -0.0163207 , 0.00355748 , 0 , 0.270314 , -0.11558 , 0 , 
0.228268 , 1.05875 , 0 , -0.0163499 , 0.00342653 , 0 , 0.274248 , -0.106572 , 0 , 
0.220086 , 1.06043 , 0 , -0.016378 , 0.00329536 , 0 , 0.277464 , -0.0972117 , 0 , 
0.21189 , 1.06205 , 0 , -0.016405 , 0.00316395 , 0 , 0.279943 , -0.0875204 , 0 , 
0.203681 , 1.0636 , 0 , -0.0164311 , 0.00303232 , 0 , 0.281669 , -0.0775186 , 0 , 
0.195459 , 1.06508 , 0 , -0.0164561 , 0.00290048 , 0 , 0.28262 , -0.0672273 , 0 , 
0.187225 , 1.0665 , 0 , -0.0164801 , 0.00276842 , 0 , 0.282773 , -0.0566676 , 0 , 
0.17898 , 1.06785 , 0 , -0.016503 , 0.00263617 , 0 , 0.282103 , -0.0458617 , 0 , 
0.170723 , 1.06914 , 0 , -0.0165249 , 0.00250372 , 0 , 0.280579 , -0.0348326 , 0 , 
0.162455 , 1.07035 , 0 , -0.0165458 , 0.00237108 , 0 , 0.27817 , -0.0236052 , 0 , 
0.154177 , 1.07151 , 0 , -0.0165656 , 0.00223826 , 0 , 0.274837 , -0.0122064 , 0 , 
0.145889 , 1.07259 , 0 , -0.0165844 , 0.00210526 , 0 , 0.27054 , -0.000665798 , 0 , 
0.137593 , 1.07361 , 0 , -0.0166021 , 0.00197209 , 0 , 0.26523 , 0.010983 , 0 , 
0.129287 , 1.07456 , 0 , -0.0166188 , 0.00183876 , 0 , 0.258853 , 0.0227016 , 0 , 
0.120974 , 1.07545 , 0 , -0.0166344 , 0.00170527 , 0 , 0.251346 , 0.034445 , 0 , 
0.112653 , 1.07627 , 0 , -0.016649 , 0.00157163 , 0 , 0.242637 , 0.0461595 , 0 , 
0.104325 , 1.07702 , 0 , -0.0166625 , 0.00143785 , 0 , 0.23264 , 0.0577794 , 0 , 
0.0959908 , 1.07771 , 0 , -0.016675 , 0.00130392 , 0 , 0.221257 , 0.069222 , 0 , 
0.0876504 , 1.07833 , 0 , -0.0166864 , 0.00116987 , 0 , 0.208369 , 0.0803811 , 0 , 
0.0793046 , 1.07888 , 0 , -0.0166967 , 0.00103568 , 0 , 0.193838 , 0.0911152 , 0 , 
0.0709539 , 1.07936 , 0 , -0.016706 , 0.000901376 , 0 , 0.177501 , 0.101231 , 0 , 
0.0625987 , 1.07978 , 0 , -0.0167143 , 0.000766956 , 0 , 0.159171 , 0.110455 , 0 , 
0.0542397 , 1.08013 , 0 , -0.0167215 , 0.000632428 , 0 , 0.138648 , 0.118396 , 0 , 
0.0458774 , 1.08041 , 0 , -0.0167276 , 0.000497801 , 0 , 0.115752 , 0.124492 , 0 , 
0.0375123 , 1.08063 , 0 , -0.0167327 , 0.000363085 , 0 , 0.0903935 , 0.12796 , 0 , 
0.0291449 , 1.08077 , 0 , -0.0167368 , 0.000228292 , 0 , 0.0626772 , 0.127755 , 0 , 
0.0207757 , 1.08085 , 0 , -0.0167398 , 9.34372e-05 , 0 , 0.0330323 , 0.122593 , 0 , 
0.0124052 , 1.08087 , 0 , -0.0167417 , -4.14614e-05 , 0 , 0.00231383 , 0.11091 , 0 , 
0.0040341 , 1.08081 , 0 , -0.0167427 , -0.000176386 , 0 , -0.0278081 , 0.0905455 , 0 , 
-0.00433724 , 1.08069 , 0 , -0.0167425 , -0.000311321 , 0 , -0.0530769 , 0.0589238 , 0 , 
-0.0127082 , 1.0805 , 0 , -0.0167413 , -0.00044626 , 0 , -0.0664417 , 0.018264 , 0 , 
-0.0210784 , 1.08025 , 0 , -0.016739 , -0.000581212 , 0 , -0.0672402 , -0.0232903 , 0 , 
-0.0294471 , 1.07992 , 0 , -0.0167357 , -0.00071619 , 0 , -0.0605857 , -0.0614082 , 0 , 
-0.0378139 , 1.07953 , 0 , -0.0167312 , -0.000851194 , 0 , -0.0500661 , -0.0959039 , 0 , 
-0.0461781 , 1.07907 , 0 , -0.0167257 , -0.000986218 , 0 , -0.0376303 , -0.127146 , 0 , 
-0.0545394 , 1.07854 , 0 , -0.0167192 , -0.00112125 , 0 , -0.0243858 , -0.155822 , 0 , 
-0.0628972 , 1.07795 , 0 , -0.0167116 , -0.00125629 , 0 , -0.0108235 , -0.182526 , 0 , 
-0.0712509 , 1.07729 , 0 , -0.0167029 , -0.00139133 , 0 , 0.0028335 , -0.207683 , 0 , 
-0.0796 , 1.07656 , 0 , -0.0166932 , -0.00152636 , 0 , 0.0164769 , -0.231595 , 0 , 
-0.0879439 , 1.07576 , 0 , -0.0166825 , -0.00166136 , 0 , 0.0300518 , -0.254482 , 0 , 
-0.0962823 , 1.0749 , 0 , -0.0166706 , -0.00179635 , 0 , 0.0435307 , -0.27651 , 0 , 
-0.104614 , 1.07396 , 0 , -0.0166578 , -0.0019313 , 0 , 0.0568999 , -0.297806 , 0 , 
-0.11294 , 1.07296 , 0 , -0.0166438 , -0.00206621 , 0 , 0.0701542 , -0.31847 , 0 , 
-0.121258 , 1.0719 , 0 , -0.0166289 , -0.00220108 , 0 , 0.0832926 , -0.338583 , 0 , 
-0.129569 , 1.07076 , 0 , -0.0166128 , -0.0023359 , 0 , 0.0963167 , -0.358208 , 0 , 
-0.137871 , 1.06956 , 0 , -0.0165957 , -0.00247065 , 0 , 0.109229 , -0.377401 , 0 , 
-0.146164 , 1.06829 , 0 , -0.0165776 , -0.00260534 , 0 , 0.122035 , -0.396206 , 0 , 
-0.154448 , 1.06696 , 0 , -0.0165583 , -0.00273995 , 0 , 0.134737 , -0.414662 , 0 , 
-0.162722 , 1.06555 , 0 , -0.0165381 , -0.00287449 , 0 , 0.14734 , -0.4328 , 0 , 
-0.170986 , 1.06408 , 0 , -0.0165167 , -0.00300893 , 0 , 0.159848 , -0.450649 , 0 , 
-0.179239 , 1.06254 , 0 , -0.0164943 , -0.00314328 , 0 , 0.172266 , -0.468233 , 0 , 
-0.18748 , 1.06094 , 0 , -0.0164709 , -0.00327753 , 0 , 0.184598 , -0.485573 , 0 , 
-0.19571 , 1.05927 , 0 , -0.0164464 , -0.00341167 , 0 , 0.196846 , -0.502688 , 0 , 
-0.203926 , 1.05753 , 0 , -0.0164208 , -0.00354569 , 0 , 0.209016 , -0.519595 , 0 , 
-0.21213 , 1.05572 , 0 , -0.0163942 , -0.00367958 , 0 , 0.221111 , -0.536307 , 0 , 
-0.22032 , 1.05385 , 0 , -0.0163665 , -0.00381335 , 0 , 0.233133 , -0.552838 , 0 , 
-0.228497 , 1.05191 , 0 , -0.0163377 , -0.00394698 , 0 , 0.245086 , -0.5692 , 0 , 
-0.236658 , 1.0499 , 0 , -0.0163079 , -0.00408046 , 0 , 0.256972 , -0.585403 , 0 , 
-0.244804 , 1.04783 , 0 , -0.016277 , -0.00421379 , 0 , 0.268795 , -0.601457 , 0 , 
-0.252935 , 1.04569 , 0 , -0.016245 , -0.00434696 , 0 , 0.280557 , -0.617371 , 0 , 
-0.261049 , 1.04348 , 0 , -0.016212 , -0.00447996 , 0 , 0.292261 , -0.633152 , 0 , 
-0.269147 , 1.04121 , 0 , -0.0161779 , -0.00461278 , 0 , 0.303908 , -0.648808 , 0 , 
-0.277227 , 1.03887 , 0 , -0.0161428 , -0.00474542 , 0 , 0.315501 , -0.664346 , 0 , 
-0.285289 , 1.03646 , 0 , -0.0161066 , -0.00487788 , 0 , 0.327041 , -0.67977 , 0 , 
-0.293333 , 1.03399 , 0 , -0.0160693 , -0.00501013 , 0 , 0.338532 , -0.695088 , 0 , 
-0.301358 , 1.03145 , 0 , -0.016031 , -0.00514218 , 0 , 0.349974 , -0.710304 , 0 , 
-0.309364 , 1.02885 , 0 , -0.0159915 , -0.00527401 , 0 , 0.36137 , -0.725423 , 0 , 
-0.31735 , 1.02618 , 0 , -0.0159511 , -0.00540563 , 0 , 0.37272 , -0.74045 , 0 , 
-0.325315 , 1.02344 , 0 , -0.0159095 , -0.00553701 , 0 , 0.384027 , -0.755388 , 0 , 
-0.333259 , 1.02064 , 0 , -0.0158669 , -0.00566816 , 0 , 0.395291 , -0.770242 , 0 , 
-0.341182 , 1.01777 , 0 , -0.0158232 , -0.00579907 , 0 , 0.406515 , -0.785014 , 0 , 
-0.349082 , 1.01484 , 0 , -0.0157785 , -0.00592972 , 0 , 0.4177 , -0.799709 , 0 , 
-0.35696 , 1.01184 , 0 , -0.0157327 , -0.00606011 , 0 , 0.428846 , -0.81433 , 0 , 
-0.364815 , 1.00878 , 0 , -0.0156858 , -0.00619024 , 0 , 0.439955 , -0.828879 , 0 , 
-0.372646 , 1.00565 , 0 , -0.0156378 , -0.00632009 , 0 , 0.451029 , -0.843359 , 0 , 
-0.380452 , 1.00246 , 0 , -0.0155888 , -0.00644966 , 0 , 0.462068 , -0.857773 , 0 , 
-0.388234 , 0.999205 , 0 , -0.0155388 , -0.00657893 , 0 , 0.473073 , -0.872123 , 0 , 
-0.395991 , 0.995883 , 0 , -0.0154876 , -0.00670791 , 0 , 0.484045 , -0.886412 , 0 , 
-0.403722 , 0.992497 , 0 , -0.0154354 , -0.00683658 , 0 , 0.494985 , -0.900642 , 0 , 
-0.411426 , 0.989046 , 0 , -0.0153821 , -0.00696493 , 0 , 0.505895 , -0.914815 , 0 , 
-0.419104 , 0.985532 , 0 , -0.0153278 , -0.00709296 , 0 , 0.516774 , -0.928932 , 0 , 
-0.426754 , 0.981954 , 0 , -0.0152724 , -0.00722066 , 0 , 0.527624 , -0.942996 , 0 , 
-0.434376 , 0.978311 , 0 , -0.0152159 , -0.00734802 , 0 , 0.538446 , -0.957009 , 0 , 
-0.44197 , 0.974606 , 0 , -0.0151584 , -0.00747503 , 0 , 0.54924 , -0.970971 , 0 , 
-0.449534 , 0.970836 , 0 , -0.0150998 , -0.00760168 , 0 , 0.560007 , -0.984885 , 0 , 
-0.457069 , 0.967004 , 0 , -0.0150401 , -0.00772797 , 0 , 0.570747 , -0.998752 , 0 , 
-0.464574 , 0.963109 , 0 , -0.0149794 , -0.00785389 , 0 , 0.581462 , -1.01257 , 0 , 
-0.472048 , 0.95915 , 0 , -0.0149176 , -0.00797942 , 0 , 0.592152 , -1.02635 , 0 , 
-0.479492 , 0.955129 , 0 , -0.0148548 , -0.00810457 , 0 , 0.602818 , -1.04009 , 0 , 
-0.486903 , 0.951046 , 0 , -0.0147909 , -0.00822931 , 0 , 0.61346 , -1.05378 , 0 , 
-0.494282 , 0.9469 , 0 , -0.0147259 , -0.00835365 , 0 , 0.624078 , -1.06743 , 0 , 
-0.501629 , 0.942692 , 0 , -0.0146599 , -0.00847758 , 0 , 0.634674 , -1.08105 , 0 , 
-0.508942 , 0.938423 , 0 , -0.0145928 , -0.00860108 , 0 , 0.645248 , -1.09462 , 0 , 
-0.516222 , 0.934091 , 0 , -0.0145247 , -0.00872415 , 0 , 0.6558 , -1.10816 , 0 , 
-0.523467 , 0.929699 , 0 , -0.0144555 , -0.00884678 , 0 , 0.666331 , -1.12166 , 0 , 
-0.530677 , 0.925245 , 0 , -0.0143853 , -0.00896896 , 0 , 0.676841 , -1.13513 , 0 , 
-0.537852 , 0.92073 , 0 , -0.014314 , -0.00909069 , 0 , 0.687331 , -1.14856 , 0 , 
-0.544991 , 0.916154 , 0 , -0.0142416 , -0.00921194 , 0 , 0.697801 , -1.16196 , 0 , 
-0.552093 , 0.911518 , 0 , -0.0141682 , -0.00933272 , 0 , 0.708252 , -1.17533 , 0 , 
-0.559159 , 0.906821 , 0 , -0.0140938 , -0.00945302 , 0 , 0.718684 , -1.18867 , 0 , 
-0.566187 , 0.902065 , 0 , -0.0140183 , -0.00957283 , 0 , 0.729097 , -1.20197 , 0 , 
-0.573177 , 0.897249 , 0 , -0.0139418 , -0.00969213 , 0 , 0.739492 , -1.21525 , 0 , 
-0.580128 , 0.892373 , 0 , -0.0138642 , -0.00981092 , 0 , 0.74987 , -1.22849 , 0 , 
-0.587041 , 0.887438 , 0 , -0.0137856 , -0.0099292 , 0 , 0.76023 , -1.24171 , 0 , 
-0.593914 , 0.882444 , 0 , -0.0137059 , -0.0100469 , 0 , 0.770572 , -1.2549 , 0 , 
-0.600747 , 0.877391 , 0 , -0.0136252 , -0.0101642 , 0 , 0.780899 , -1.26806 , 0 , 
-0.607539 , 0.87228 , 0 , -0.0135435 , -0.0102808 , 0 , 0.791208 , -1.28119 , 0 , 
-0.61429 , 0.86711 , 0 , -0.0134608 , -0.0103969 , 0 , 0.801502 , -1.2943 , 0 , 
-0.621 , 0.861883 , 0 , -0.013377 , -0.0105125 , 0 , 0.81178 , -1.30738 , 0 , 
-0.627667 , 0.856598 , 0 , -0.0132921 , -0.0106274 , 0 , 0.822042 , -1.32044 , 0 , 
-0.634292 , 0.851256 , 0 , -0.0132063 , -0.0107418 , 0 , 0.832289 , -1.33347 , 0 , 
-0.640873 , 0.845856 , 0 , -0.0131194 , -0.0108556 , 0 , 0.842521 , -1.34648 , 0 , 
-0.647411 , 0.8404 , 0 , -0.0130315 , -0.0109688 , 0 , 0.852739 , -1.35946 , 0 , 
-0.653904 , 0.834888 , 0 , -0.0129426 , -0.0110814 , 0 , 0.862942 , -1.37242 , 0 , 
-0.660353 , 0.829319 , 0 , -0.0128526 , -0.0111934 , 0 , 0.873131 , -1.38536 , 0 , 
-0.666757 , 0.823694 , 0 , -0.0127617 , -0.0113047 , 0 , 0.883306 , -1.39828 , 0 , 
-0.673115 , 0.818014 , 0 , -0.0126697 , -0.0114154 , 0 , 0.893468 , -1.41118 , 0 , 
-0.679427 , 0.812279 , 0 , -0.0125767 , -0.0115255 , 0 , 0.903616 , -1.42405 , 0 , 
-0.685691 , 0.806489 , 0 , -0.0124827 , -0.0116349 , 0 , 0.913751 , -1.4369 , 0 , 
-0.691909 , 0.800644 , 0 , -0.0123877 , -0.0117437 , 0 , 0.923873 , -1.44974 , 0 , 
-0.698079 , 0.794745 , 0 , -0.0122917 , -0.0118517 , 0 , 0.933982 , -1.46255 , 0 , 
-0.704201 , 0.788793 , 0 , -0.0121947 , -0.0119591 , 0 , 0.944079 , -1.47534 , 0 , 
-0.710274 , 0.782786 , 0 , -0.0120968 , -0.0120658 , 0 , 0.954164 , -1.48812 , 0 , 
-0.716297 , 0.776727 , 0 , -0.0119978 , -0.0121718 , 0 , 0.964236 , -1.50087 , 0 , 
-0.722271 , 0.770615 , 0 , -0.0118978 , -0.0122771 , 0 , 0.974297 , -1.51361 , 0 , 
-0.728195 , 0.76445 , 0 , -0.0117968 , -0.0123816 , 0 , 0.984346 , -1.52633 , 0 , 
-0.734068 , 0.758233 , 0 , -0.0116949 , -0.0124855 , 0 , 0.994383 , -1.53903 , 0 , 
-0.73989 , 0.751965 , 0 , -0.011592 , -0.0125886 , 0 , 1.00441 , -1.55171 , 0 , 
-0.74566 , 0.745645 , 0 , -0.0114881 , -0.0126909 , 0 , 1.01442 , -1.56438 , 0 , 
-0.751378 , 0.739274 , 0 , -0.0113832 , -0.0127925 , 0 , 1.02443 , -1.57702 , 0 , 
-0.757043 , 0.732853 , 0 , -0.0112774 , -0.0128933 , 0 , 1.03442 , -1.58966 , 0 , 
-0.762655 , 0.726381 , 0 , -0.0111706 , -0.0129933 , 0 , 1.0444 , -1.60227 , 0 , 
-0.768213 , 0.719859 , 0 , -0.0110628 , -0.0130926 , 0 , 1.05438 , -1.61487 , 0 , 
-0.773718 , 0.713288 , 0 , -0.0109541 , -0.013191 , 0 , 1.06434 , -1.62745 , 0 , 
-0.779167 , 0.706668 , 0 , -0.0108444 , -0.0132887 , 0 , 1.07429 , -1.64002 , 0 , 
-0.784562 , 0.7 , 0 , -0.0107338 , -0.0133855 , 0 , 1.08423 , -1.65258 , 0 , 
-0.789901 , 0.693283 , 0 , -0.0106222 , -0.0134815 , 0 , 1.09416 , -1.66511 , 0 , 
-0.795184 , 0.686519 , 0 , -0.0105097 , -0.0135767 , 0 , 1.10408 , -1.67764 , 0 , 
-0.800411 , 0.679707 , 0 , -0.0103963 , -0.013671 , 0 , 1.114 , -1.69014 , 0 , 
-0.80558 , 0.672848 , 0 , -0.0102819 , -0.0137645 , 0 , 1.1239 , -1.70264 , 0 , 
-0.810692 , 0.665942 , 0 , -0.0101666 , -0.0138571 , 0 , 1.13379 , -1.71512 , 0 , 
-0.815747 , 0.658991 , 0 , -0.0100504 , -0.0139489 , 0 , 1.14368 , -1.72758 , 0 , 
-0.820743 , 0.651994 , 0 , -0.00993328 , -0.0140397 , 0 , 1.15355 , -1.74004 , 0 , 
-0.82568 , 0.644951 , 0 , -0.00981524 , -0.0141297 , 0 , 1.16342 , -1.75248 , 0 , 
-0.830558 , 0.637864 , 0 , -0.0096963 , -0.0142187 , 0 , 1.17328 , -1.7649 , 0 , 
-0.835376 , 0.630733 , 0 , -0.00957646 , -0.0143069 , 0 , 1.18313 , -1.77731 , 0 , 
-0.840134 , 0.623557 , 0 , -0.00945573 , -0.0143941 , 0 , 1.19297 , -1.78971 , 0 , 
-0.844832 , 0.616339 , 0 , -0.0093341 , -0.0144804 , 0 , 1.2028 , -1.8021 , 0 , 
-0.849468 , 0.609077 , 0 , -0.00921159 , -0.0145657 , 0 , 1.21262 , -1.81448 , 0 , 
-0.854043 , 0.601773 , 0 , -0.00908821 , -0.0146501 , 0 , 1.22244 , -1.82684 , 0 , 
-0.858556 , 0.594427 , 0 , -0.00896395 , -0.0147336 , 0 , 1.23224 , -1.83919 , 0 , 
-0.863007 , 0.58704 , 0 , -0.00883883 , -0.0148161 , 0 , 1.24204 , -1.85153 , 0 , 
-0.867395 , 0.579611 , 0 , -0.00871285 , -0.0148975 , 0 , 1.25183 , -1.86385 , 0 , 
-0.87172 , 0.572142 , 0 , -0.00858601 , -0.014978 , 0 , 1.26162 , -1.87617 , 0 , 
-0.875981 , 0.564633 , 0 , -0.00845833 , -0.0150575 , 0 , 1.27139 , -1.88847 , 0 , 
-0.880178 , 0.557085 , 0 , -0.0083298 , -0.015136 , 0 , 1.28116 , -1.90076 , 0 , 
-0.884311 , 0.549498 , 0 , -0.00820044 , -0.0152135 , 0 , 1.29092 , -1.91304 , 0 , 
-0.888378 , 0.541872 , 0 , -0.00807026 , -0.01529 , 0 , 1.30068 , -1.92531 , 0 , 
-0.892381 , 0.534208 , 0 , -0.00793925 , -0.0153654 , 0 , 1.31042 , -1.93757 , 0 , 
-0.896317 , 0.526507 , 0 , -0.00780743 , -0.0154397 , 0 , 1.32016 , -1.94982 , 0 , 
-0.900188 , 0.518768 , 0 , -0.0076748 , -0.015513 , 0 , 1.32989 , -1.96206 , 0 , 
-0.903992 , 0.510994 , 0 , -0.00754137 , -0.0155853 , 0 , 1.33962 , -1.97429 , 0 , 
-0.907729 , 0.503183 , 0 , -0.00740715 , -0.0156564 , 0 , 1.34933 , -1.9865 , 0 , 
-0.911399 , 0.495337 , 0 , -0.00727214 , -0.0157265 , 0 , 1.35905 , -1.99871 , 0 , 
-0.915001 , 0.487457 , 0 , -0.00713636 , -0.0157955 , 0 , 1.36875 , -2.01091 , 0 , 
-0.918535 , 0.479542 , 0 , -0.0069998 , -0.0158634 , 0 , 1.37845 , -2.02309 , 0 , 
-0.922001 , 0.471594 , 0 , -0.00686248 , -0.0159301 , 0 , 1.38814 , -2.03527 , 0 , 
-0.925398 , 0.463612 , 0 , -0.00672441 , -0.0159958 , 0 , 1.39782 , -2.04744 , 0 , 
-0.928725 , 0.455598 , 0 , -0.00658559 , -0.0160603 , 0 , 1.4075 , -2.0596 , 0 , 
-0.931983 , 0.447552 , 0 , -0.00644603 , -0.0161236 , 0 , 1.41717 , -2.07175 , 0 , 
-0.935171 , 0.439475 , 0 , -0.00630574 , -0.0161858 , 0 , 1.42683 , -2.08389 , 0 , 
-0.938289 , 0.431367 , 0 , -0.00616473 , -0.0162469 , 0 , 1.43649 , -2.09602 , 0 , 
-0.941336 , 0.423228 , 0 , -0.006023 , -0.0163068 , 0 , 1.44614 , -2.10814 , 0 , 
-0.944312 , 0.41506 , 0 , -0.00588057 , -0.0163655 , 0 , 1.45579 , -2.12025 , 0 , 
-0.947217 , 0.406863 , 0 , -0.00573744 , -0.016423 , 0 , 1.46543 , -2.13236 , 0 , 
-0.950049 , 0.398637 , 0 , -0.00559362 , -0.0164793 , 0 , 1.47506 , -2.14445 , 0 , 
-0.95281 , 0.390384 , 0 , -0.00544913 , -0.0165344 , 0 , 1.48469 , -2.15654 , 0 , 
-0.955498 , 0.382103 , 0 , -0.00530396 , -0.0165883 , 0 , 1.49431 , -2.16862 , 0 , 
-0.958114 , 0.373796 , 0 , -0.00515814 , -0.0166409 , 0 , 1.50393 , -2.18069 , 0 , 
-0.960656 , 0.365462 , 0 , -0.00501166 , -0.0166923 , 0 , 1.51354 , -2.19275 , 0 , 
-0.963126 , 0.357104 , 0 , -0.00486454 , -0.0167425 , 0 , 1.52315 , -2.2048 , 0 , 
-0.965521 , 0.34872 , 0 , -0.00471679 , -0.0167915 , 0 , 1.53274 , -2.21685 , 0 , 
-0.967842 , 0.340312 , 0 , -0.00456842 , -0.0168391 , 0 , 1.54234 , -2.22888 , 0 , 
-0.970089 , 0.331881 , 0 , -0.00441944 , -0.0168855 , 0 , 1.55193 , -2.24091 , 0 , 
-0.972262 , 0.323427 , 0 , -0.00426985 , -0.0169306 , 0 , 1.56151 , -2.25293 , 0 , 
-0.974359 , 0.314951 , 0 , -0.00411967 , -0.0169745 , 0 , 1.57109 , -2.26495 , 0 , 
-0.976381 , 0.306453 , 0 , -0.00396891 , -0.017017 , 0 , 1.58066 , -2.27695 , 0 , 
-0.978328 , 0.297934 , 0 , -0.00381758 , -0.0170582 , 0 , 1.59023 , -2.28895 , 0 , 
-0.980199 , 0.289395 , 0 , -0.00366569 , -0.0170981 , 0 , 1.59979 , -2.30094 , 0 , 
-0.981994 , 0.280836 , 0 , -0.00351325 , -0.0171367 , 0 , 1.60934 , -2.31293 , 0 , 
-0.983712 , 0.272258 , 0 , -0.00336027 , -0.017174 , 0 , 1.6189 , -2.3249 , 0 , 
